499,Bird Watching,bird-watching,23,https://loacal.com/wp-content/uploads/2017/04/Bird-watching.png
482,Self-Guided Tour,self-guided-tour,,https://loacal.com/wp-content/uploads/2017/03/self-guide_tour_icon-04.png
481,Multi-Day,multi-day,,https://loacal.com/wp-content/uploads/2017/03/multi-day_tour_icon-03.png
479,Religious Tour,religious-tour,26,https://loacal.com/wp-content/uploads/2017/03/religionstour_icon-01.png
350,Village Tour,village-tour,26,https://loacal.com/wp-content/uploads/2016/03/Eco-village-Tour.png
318,Other Water Sports,other-water-sports,33,https://loacal.com/wp-content/uploads/2016/06/Other-Water-Sports.png
289,Traditional Hand Craft Course,traditional-hand-craft-course,30,https://loacal.com/wp-content/uploads/2016/05/Traditional-Handcraft-course.png
288,Organic Vegetable Picking,organic-vegetable-picking,25,https://loacal.com/wp-content/uploads/2016/05/Organic-Vegetable-Picking.png
287,Fishing,fishing,33,https://loacal.com/wp-content/uploads/2016/05/Fishing.png
262,Paragliding,paragliding,33,https://loacal.com/wp-content/uploads/2016/05/Paragliding.png
227,Dance,dance,24,https://loacal.com/wp-content/uploads/2016/04/Dance.png
207,Horse Riding,horse-riding,33,https://loacal.com/wp-content/uploads/2016/04/Horse-Riding.png
153,Rock Climbing,rock-climbing,33,https://loacal.com/wp-content/uploads/2017/03/rock-climber.png
97,Cultural-tour,cultural-tour,26,https://loacal.com/wp-content/uploads/2016/03/Cultural-Tour.png
80,Photo Tour,photo-tour-photography,27,https://loacal.com/wp-content/uploads/2016/03/Photo-Tour.png
79,Wildlife Photography,wildlife-photography-photography,27,https://loacal.com/wp-content/uploads/2016/03/Wildlife-Photography.png
78,Driver,driver,35,https://loacal.com/wp-content/uploads/2016/03/Driver.png
77,Interpreter,interpreter,35,https://loacal.com/wp-content/uploads/2016/03/Interpreter.png
75,Off The-beaten-track,off-the-beaten-track,26,https://loacal.com/wp-content/uploads/2016/03/Off-The-Beaten-Track.png
74,Shopping Tour,shopping-tour,26,https://loacal.com/wp-content/uploads/2016/03/Shopping-Tour.png
73,Market Tour,market-tour,26,https://loacal.com/wp-content/uploads/2016/03/Market-Tour.png
72,Photo City Tour,photo-city-tour-sightseeing,26,https://loacal.com/wp-content/uploads/2016/05/City-Photo-Tour.png
71,Segway Tour,segway-tour,26,https://loacal.com/wp-content/uploads/2016/03/Segway-Tour.png
70,Boat Tour,boat-tour-sightseeing,26,https://loacal.com/wp-content/uploads/2016/03/Boat-Tour-1.png
69,Walking Tour,walking-tour,26,https://loacal.com/wp-content/uploads/2016/03/Walking-Tour.png
68,Bicycle City Tours,bicycle-city-tours-sightseeing,26,https://loacal.com/wp-content/uploads/2016/03/Bicycle-Tour.png
67,City Tour,city-tour,26,https://loacal.com/wp-content/uploads/2016/03/City-Tour.png
66,Local Highlights,local-highlights,26,https://loacal.com/wp-content/uploads/2016/03/Local-Highlights.png
65,Pilgrimage & Spiritual,pilgrimage-spiritual,34,https://loacal.com/wp-content/uploads/2016/03/Pilgrimage-and-Spiritual.png
64,Yoga & Pilates & Nature,yoga-nature-well-being,34,https://loacal.com/wp-content/uploads/2016/03/Yoga-Pilates-and-Nature.png
62,Meal together,meal-together,25,https://loacal.com/wp-content/uploads/2016/03/Meal-Together.png
61,Pub crawl,pub-crawl,25,https://loacal.com/wp-content/uploads/2016/03/Pub-Crawl.png
60,Wine tasting,wine-tasting,25,https://loacal.com/wp-content/uploads/2016/03/wine-tasting.png
59,Cooking Class,cooking-class,25,https://loacal.com/wp-content/uploads/2016/03/Cooking-Class.png
58,Traditional tastes,traditional-tastes,25,https://loacal.com/wp-content/uploads/2016/03/Traditional-Tastes.png
57,Sailing & Yachting,sailing-yachting,33,https://loacal.com/wp-content/uploads/2016/03/Sailing-and-Yatching.png
56,4wd & Off Road Adventures,4wd-off-road-adventures,33,https://loacal.com/wp-content/uploads/2016/03/4WD-and-Off-Road-Adventures.png
55,"Hiking, Trekking & Backpacking",hiking-trekking-backpacking-sport-extreme,33,https://loacal.com/wp-content/uploads/2016/03/Hiking-Trecking-and-Backpacking.png
54,Running & Walking,running-walking,33,https://loacal.com/wp-content/uploads/2016/03/Running-and-Walking.png
53,"Surf, Windsurf & Kitesurf",surf-windsurf-kitesurf,33,https://loacal.com/wp-content/uploads/2016/03/Surf-Winfsurf-and-Kitesurf.png
52,Scuba diving & snorkeling,scuba-diving-snorkeling,33,https://loacal.com/wp-content/uploads/2016/03/Scuba-diving-Snorkeling.png
51,Bicycle tours,bicycle-tours-sport-extreme,33,https://loacal.com/wp-content/uploads/2016/03/Bicycle-Tour.png
50,Art Museums,art-museums,24,https://loacal.com/wp-content/uploads/2016/03/Art-Museums.png
49,Street Art,street-art,24,https://loacal.com/wp-content/uploads/2016/03/Street-Art.png
47,Creative Workshop,creative-workshop,30,https://loacal.com/wp-content/uploads/2016/03/Creative-Workshop.png
45,"National parks, gardens & botanical",national-parks-gardens-botanical,23,https://loacal.com/wp-content/uploads/2016/03/National-Parks-Garden-and-Botanical.png
44,Safari,safari,23,https://loacal.com/wp-content/uploads/2016/03/Safari.png
42,Beach & Sand,beach-sand,23,https://loacal.com/wp-content/uploads/2016/03/Beach-and-Sand.png
41,Mountain,mountain,23,https://loacal.com/wp-content/uploads/2016/03/Mountain.png
39,Farm tour,farm-tour,23,https://loacal.com/wp-content/uploads/2016/03/Farm-Tour.png
38,Eco-village tour,eco-village-tour,23,https://loacal.com/wp-content/uploads/2016/03/Eco-village-Tour.png
35,Interpreter & Transport,interpreter-transport,,https://loacal.com/wp-content/uploads/2016/03/Bus-Tour.png
34,Well being,well-being,,https://loacal.com/wp-content/uploads/2016/03/Yoga-Pilates-and-Nature.png
33,Sport & Extreme,sport-extreme,,https://loacal.com/wp-content/uploads/2016/03/Sportive.png
31,Events & Festivals,events-festivals,,https://loacal.com/wp-content/uploads/2016/03/Show-concert.png
30,Workshops,workshops,,https://loacal.com/wp-content/uploads/2016/03/Creative-Workshop.png
29,Heritage & Architecture,heritage-architecture,,https://loacal.com/wp-content/uploads/2016/03/Heritage-and-Architecture.png
28,History & Archaeology,history-archaeology,,https://loacal.com/wp-content/uploads/2016/03/History-and-Archeology.png
27,Photography,photography,,https://loacal.com/wp-content/uploads/2016/03/Photographer.png
26,Sightseeing,sightseeing,,https://loacal.com/wp-content/uploads/2016/03/City-Tour.png
25,Gastronomy,gastronomy,,https://loacal.com/wp-content/uploads/2016/03/Foody.png
24,"Art, Painting & Design",art-painting-design,,https://loacal.com/wp-content/uploads/2016/03/Cultural-Tour.png
23,Nature,nature,,https://loacal.com/wp-content/uploads/2016/03/Naturist.png